id;legal_id;bday;phone;emergency_phone
1;relationships;2020-10-26T02:54:07;930.599.8939;Representative Keyboard
2;bypassing syndicate Coordinator;2020-10-26T12:53:39;(398) 854-7253;Trace bus array
3;calculate;2020-10-26T20:56:32;(379) 603-4840;migration
4;Senior;2020-10-26T00:34:24;973-741-7205 x2464;Optimized strategic
5;matrix projection;2020-10-26T21:37:43;1-902-775-6700 x3064;Savings Account bluetooth
6;Lake;2020-10-26T10:28:39;989-137-3537;real-time Sao Tome and Principe
7;parsing COM;2020-10-26T03:23:37;(772) 517-1775 x75333;Response Unbranded
8;Singapore Dollar;2020-10-26T13:52:34;493.058.4756 x871;Rupiah Ball bandwidth-monitored
9;Sleek Fresh Pizza Lebanese Pound Bacon;2020-10-26T20:07:01;1-108-822-0696 x84995;Infrastructure killer driver
10;back-end maroon index;2020-10-26T05:04:39;1-710-846-1644;Trace
