id;gym_name;logo_path
1;Cambridgeshire;bypass Serbia Chicken
2;port Iran;Bedfordshire global
3;impactful Buckinghamshire Minnesota;Sri Lanka Qatari Rial Rwanda
4;Ergonomic Internal Generic Rubber Towels;compelling
5;Kentucky;Practical mission-critical Refined Plastic Chair
6;Wisconsin;seamless Maine New Hampshire
7;Home Loan Account;Designer metrics
8;rich New Hampshire feed;seamless Cambridgeshire Practical Plastic Shirt
9;whiteboard;Factors Auto Loan Account
10;SQL Manager purple;Centers Strategist
